{
    "objects": [
        {
            "type": "cube",
            "position": [
                -5.999999999999995,
                0.4,
                0.0
            ],
            "rotation": [
                0.0,
                0.0,
                0.0
            ],
            "scale": [
                1.0,
                0.7999999999999998,
                1.0
            ],
            "texture": null
        },
        {
            "type": "mesh",
            "position": [
                0,
                0,
                0
            ],
            "rotation": [
                -25,
                55,
                0
            ],
            "scale": [
                0.19999999999999968,
                0.19999999999999968,
                0.19999999999999968
            ],
            "texture": null,
            "filename": "C:/Users/brunoPC/Downloads/House/House.obj"
        }
    ]
}