{
    "objects": [
        {
            "type": "plane",
            "position": [
                -0.1,
                -0.1,
                0
            ],
            "rotation": [
                0,
                0,
                0
            ],
            "scale": [
                10.90000000000002,
                1.0,
                10.90000000000002
            ],
            "texture": null
        },
        {
            "type": "light_sphere",
            "position": [
                -6.799999999999992,
                7.599999999999989,
                0
            ],
            "radius": 0.2,
            "intensity": 10.0,
            "color": [
                1.0,
                1.0,
                1.0
            ],
            "selected": true
        },
        {
            "type": "cube",
            "position": [
                0,
                2.0000000000000004,
                0
            ],
            "rotation": [
                0,
                0,
                0
            ],
            "scale": [
                1,
                1,
                1
            ],
            "texture": null
        }
    ],
    "camera": {
        "rotation": [
            -335,
            -1831
        ],
        "zoom": -32.0,
        "position": [
            5.180000000000082,
            -1.949999999999932,
            0
        ]
    }
}